language,iso639_3,family,region_group,locality_lambda_per_char,locality_lambda_per_s,half_life_chars,half_life_seconds,memory_cost_bits_char,speech_char_rate_cps,morphology_index,ud_status,D_order,D_structure,ud_morph_feature_density,ud_mean_dependency_distance,locality_lambda_r2,locality_fit_rmse_bits,hilberg_alpha,hilberg_r2,locality_effective_train_chars,locality_effective_valid_chars,locality_eval_positions
Icelandic,isl,Indo-European,Western Europe,0.8396052851183022,8.217127812324529,0.8255631459755275,0.08435394901857587,2.8213973370363843,9.786893863068904,0.6086187698704731,loaded,0.269355150917892,0.41886168265061974,0.6063157894736843,2.7822885572139304,0.9983808390237224,0.0145185946678332,1.6520245273341752,0.7414194695232492,21114,5697,5213
Odia,ori,Indo-European,South Asia,0.775635660907781,7.304183763738883,0.8936504798512053,0.09489728119944445,5.169093146637417,9.417029324296774,,no_matching_treebank,,,,,0.9994653592733024,0.0112875777136626,2.872401788512113,-5.059172988579491,21632,5157,4673
Afrikaans,afr,Indo-European,Sub-Saharan Africa,0.7214722025448866,7.787924827486429,0.9607399676868644,0.08900280831083217,3.7653971409356335,10.794490487666296,0.2272921592928465,loaded,0.6999147274941211,0.20588005110368002,0.8173068697065617,3.3389489677361697,0.9975706151033428,0.0154169181302757,2.3363042061922954,-1.895629612863924,22388,5159,4684
Georgian,kat,Kartvelian,Eastern Europe,0.5730268541287735,5.347901032729124,1.209624253323698,0.12961107101980543,10.468633659419517,9.332723229629506,0.6687206107286742,loaded,0.35268841326143385,0.7119368688522492,0.942832469775475,3.2444931621254827,0.947122050128107,0.0843660163648459,1.5917132792342317,-1.569565538121664,99999,19984,16720
Slovak,slk,Indo-European,Eastern Europe,0.4473620644854468,4.187209808836821,1.549409830619409,0.16553915667113347,10.61372130442717,9.359778446241132,0.7395271531029869,loaded,0.263360307105569,0.747725148606817,0.7504928244756348,2.7599282715185445,0.9736714759193044,0.0494861448984699,1.5613928086362765,-3.4883300842952982,96382,19986,16406
Arabic,ara,Afro-Asiatic,Central Asia / Middle East / North Africa,0.5216076173385391,4.38409187144045,1.3288670592977017,0.15810507646414873,9.332481694484713,8.404961365038966,0.4045936719135697,loaded,0.5774374451309396,0.39238336108514393,0.7709805676696816,4.193482372805283,0.9863846008608674,0.0346977098321001,1.6262248002515367,-3.2364111641360296,83434,19935,15721
Punjabi,pan,Indo-European,South Asia,0.5470771414942658,4.432352891966477,1.2670008084540132,0.15638357266549247,10.812079719250288,8.101879160697733,0.4385430814086561,loaded,0.4141295872091195,0.32346856769142374,0.5632864544781643,3.470266040688576,0.9924251608049393,0.0315212968575182,1.5254776577266025,-1.541909777466762,92370,19995,16342
Latvian,lav,Indo-European,Eastern Europe,0.4287529306960663,4.011448332731784,1.6166587583078291,0.1727922493489812,10.199786095461992,9.35608376185168,0.8097623216567236,loaded,0.18987677069964404,0.8082260885931327,0.6578852399855648,3.447111734964264,0.9755059121858806,0.0454437752130044,1.5506693554262012,-3.450114874403849,99985,19979,16409
Oromo,orm,Afro-Asiatic,Sub-Saharan Africa,0.7913760032206743,7.013048225572769,0.8758759145324527,0.09883679083118449,6.981860494387649,8.861840891095593,,no_matching_treebank,,,,,0.978554364615724,0.0489786727006852,1.6672848184072977,-0.0358984662212642,99993,19961,16905
Hindi,hin,Indo-European,South Asia,0.5930092011051489,5.128603224427472,1.1688641243140518,0.13515320843275497,9.234011442452784,8.648437857068087,0.3324565065235258,loaded,0.5015308948392401,0.24977729667250181,0.8526525876986,3.4886984035073207,0.9921513441401368,0.033576597882197,1.696211282528084,-1.2622983960409426,93002,19975,16487
Galician,glg,Indo-European,Western Europe,0.5811239874623063,5.96000031155125,1.1927698658367725,0.11629985643063417,9.372855301763035,10.255987431490832,0.6969819402361511,loaded,0.2424686811359309,0.5577102960672566,0.2201528716960699,3.4552572561932045,0.9594958538760352,0.0609132533671693,1.4522704883579964,-1.0271727018322148,99954,19978,16707
Macedonian,mkd,Indo-European,Eastern Europe,0.6081170681508734,6.059503517308033,1.139825235735656,0.11439009459769728,9.743726512224534,9.964370077185,,no_matching_treebank,,,,,0.9587007480410864,0.0693870694238873,1.5877332928697552,-1.6422692686401934,99977,19992,16577
Urdu,urd,Indo-European,South Asia,0.4434841196796916,3.5967199237674614,1.5629582882484585,0.19271647369025427,10.095010805576216,8.110143665043088,0.101435002813638,loaded,1.0867552680843553,0.12267896481728835,0.8366271046094397,3.492981165250796,0.989263788812558,0.0303696713039074,1.4925588954667617,-2.5027054138980644,93263,19988,16468
Khmer,khm,Austroasiatic,South/Southeast Asia,0.6678285825721013,5.7576719912338215,1.0379118214592298,0.1203867086585128,8.544202056182849,8.621481831547996,,no_matching_treebank,,,,,0.9990533066468504,0.0146233375454207,2.2199423561080938,-2.9050094385473395,99980,19982,16729
Estonian,est,Uralic,Eastern Europe,0.5305514587906636,5.252937801838255,1.306465506927267,0.1319541952918955,8.68840133344975,9.90090162754764,0.8941963401640175,loaded,0.11658016470289301,0.9852736358519869,0.6834024397572261,3.158599181339744,0.9411382940068622,0.0671819238793609,1.561117879584237,-2.1841406095214864,99987,19979,16372
Cantonese Chinese,yue,Sino-Tibetan,CJK,0.5006910663987825,1.2463291850983842,1.3843809627868984,0.5561509662515275,15.371478842325365,2.489217940440998,,no_matching_treebank,,,,,0.7884264785729501,0.4224443543312504,1.1227611594065678,0.5955802458470747,31811,7748,6294
Japanese,jpn,Japonic,CJK,0.9840808551656554,4.128161514575235,0.7043599892442418,0.16790699155366412,9.284874170607388,4.194941394201111,0.995265794548589,loaded,0.014404544638036754,3.02824850155441,0.005557561053418,2.821954660567663,0.9983651479443864,0.0362993355141797,1.654498240655521,0.8703800004632359,47632,11936,9421
Lao,lao,Kra-Dai,South/Southeast Asia,0.6643214670397151,5.0779530776492185,1.04339121186115,0.13650129687311527,9.904795109034085,7.643819038811286,,no_matching_treebank,,,,,0.9989839136266316,0.0152362052363528,1.868929825993949,-1.44072522486019,99976,19989,16405
English (US),eng,Indo-European,North America,0.4607653033046811,4.575308464478771,1.5043389239349945,0.1514973659024999,8.63740721629651,9.929802508270347,0.6313566273631956,loaded,0.26799023211217676,0.4589731476858012,0.665789839621767,3.400819228498327,0.979421487806144,0.0383556404433295,1.521506929322752,-2.1298304855429686,99672,19996,16432
Asturian,ast,Indo-European,Western Europe,0.5693716041911675,5.466553218529785,1.2173897950963144,0.12679784735478444,9.208538774809645,9.601028885687777,,no_matching_treebank,,,,,0.9523100938028096,0.0667262130955955,1.5092469978538474,-1.2954192041498267,99301,19991,16646
Slovenian,slv,Indo-European,Eastern Europe,0.4138830551267579,3.82468048692186,1.6747416256209344,0.18123008782827682,10.658104159230165,9.24096901176709,0.8501039006611164,loaded,0.14515660853725265,0.8232248848936341,0.7421354285657524,3.685867486124612,0.9545252078715336,0.0575121407163444,1.444091222584437,-3.1732729245378426,97311,19970,16513
Filipino,fil,Austronesian,South/Southeast Asia,0.9085471645871492,7.780387139339136,0.762918214460464,0.08908903479304514,7.245393727329117,8.563547873570883,,no_matching_treebank,,,,,0.9386325626384642,0.0866222232448409,1.6802607247469632,0.054463435651646,99991,19972,17021
Dutch,nld,Indo-European,Western Europe,0.4848312366940707,5.854126786977227,1.4296669193311946,0.11840317194733173,9.698439139185144,12.074566042598429,0.582471862487969,loaded,0.32098050066009276,0.4477832587664057,0.5378913322706944,3.330196749358426,0.9765168895659718,0.044465213939492,1.452516868994893,-1.680391154505508,99997,19979,16864
Swedish,swe,Indo-European,Western Europe,0.4522046920097251,3.736173398605055,1.5328173121764923,0.18552328990371272,10.430284898202318,8.26212877624168,0.7161511016418065,loaded,0.22845168621934286,0.5763838707996456,0.654322840080425,3.2201472782403617,0.9817073662515338,0.038803720602643,1.4574153848401687,-2.538425849755072,99246,19994,16545
Telugu,tel,Dravidian,South Asia,0.5724039481013141,4.74169766510011,1.2109406003559917,0.14618122653868337,11.43827487075854,8.283831166483921,0.8439342979427815,loaded,0.14827233147782692,0.8017911964039479,0.0137741046831955,1.5229471595137682,0.9894397158685954,0.043949282138995,1.6453989159252664,-1.6828344735130636,99239,19992,16378
Korean,kor,Koreanic,CJK,0.6933363619501605,2.533296626113133,0.9997271434175425,0.27361469376108916,10.290261754626004,3.653777250320005,0.7255881258271853,loaded,0.3581969402217813,0.9471290093258764,0.0,2.284729455881517,0.9919733576162209,0.0597500883753162,1.354106300351316,0.629110768358722,43840,11023,8947
Russian,rus,Indo-European,Eastern Europe,0.5749451912687354,5.865196411604735,1.2055882736063461,0.11817970480724245,9.727093908029124,10.2013139698794,0.8496586991763984,loaded,0.1617292229732099,0.9140179076370938,0.645991862595894,3.0796713472741355,0.971915631004774,0.0598408341063849,1.666516011445086,-2.023829952114524,99966,19987,16811
Spanish (Latin America),spa,Indo-European,Latin America / Caribbean,0.5750128817879746,6.183854141298703,1.2054463517489171,0.11208983341485702,9.439125293034715,10.754288011896897,0.5237412842195477,loaded,0.36239125702036223,0.398521341558556,0.6952975442470081,3.7110481929168633,0.9629770787248516,0.0607795650751032,1.4936806342662614,-1.123063063000711,99999,19983,17055
Luxembourgish,ltz,Indo-European,Western Europe,0.49984317724139,4.722967841865365,1.3867293025492329,0.14676093587081945,9.77290916467103,9.448899288635271,,no_matching_treebank,,,,,0.9808244827829552,0.0426830924275285,1.551877572964494,-2.312092093847365,99978,19987,16842
Kannada,kan,Dravidian,South Asia,0.6317988976097205,5.724417546194863,1.0971009654849402,0.12108606246249355,8.969437727357008,9.060505752466495,,no_matching_treebank,,,,,0.9986785499522092,0.0152544008385226,1.767004795239488,-0.739448286413739,99981,19992,16909
Turkish,tur,Turkic,Central Asia / Middle East / North Africa,0.4880924371056811,4.44031833911422,1.4201145681957494,0.15610303758045832,10.260936668155946,9.0972897786425,0.6143621593677137,loaded,0.3880540026888222,0.618211362900235,0.6659201600278309,2.292569281811085,0.9817881805574252,0.0431716253974865,1.5188603456373704,-2.028209266372036,99994,19997,16581
Czech,ces,Indo-European,Eastern Europe,0.4313578669716251,4.062975095682299,1.606895883054663,0.17060089324607206,10.017731978841246,9.419035577597482,0.6038176776946489,loaded,0.36026035208167695,0.549069347399493,0.7439644462659614,3.331367424294257,0.9827825364648876,0.0383495614298501,1.6040653017803497,-4.003722552168052,96869,19995,16393
Tajik,tgk,Indo-European,Central Asia / Middle East / North Africa,0.5696824353917226,4.839008029212672,1.2167255605894298,0.14324158512973648,10.930600963116994,8.494220163002382,,no_matching_treebank,,,,,0.956490173424219,0.078809319506551,1.5333285965299737,-1.201669881196564,99985,19976,16889
Thai,tha,Kra-Dai,South/Southeast Asia,0.5406037682853275,5.29174381728643,1.2821723066386512,0.13098653383326225,10.22433336306164,9.7885810786533,0.963434697654622,loaded,0.0957788682964269,2.523613346534639,0.0050152392317492,2.485171462890592,0.9968635548273054,0.0240786298806536,1.926490010130172,-3.7590953705473726,99972,19974,16466
Tamil,tam,Dravidian,South Asia,0.927763596876372,8.960269791494056,0.7471161650377944,0.0773578471061158,7.734254703572611,9.657923442633248,0.7187910558556193,loaded,0.3280246100462092,0.8384553930855261,0.8702796650339706,2.5950413223140494,0.9957427704410456,0.0312423005508779,1.8709309783980064,0.2541879802592088,100000,19978,17045
Finnish,fin,Uralic,Western Europe,0.5151617522160551,5.065846460230069,1.3454942599644788,0.1368275146121317,8.808560817992852,9.833506541272673,0.9138859070318126,loaded,0.10072203496362553,1.068912707642733,0.6826741555503549,3.1227684237245112,0.954377549260356,0.0619695928518944,1.6223664902739363,-2.5537687668922846,100000,19987,16709
Italian,ita,Indo-European,Western Europe,0.6001733528933706,6.757088491882955,1.1549116221477644,0.10258074633662084,8.39993279592276,11.258561312840309,0.6351178770545032,loaded,0.30044150345948983,0.5229518188391951,0.6072159284658811,3.394085829057789,0.9634526088755324,0.0597544357545936,1.6718923216390802,-1.8951248162105965,99977,19988,17004
Gujarati,guj,Indo-European,South Asia,0.5980859041118722,5.713481567959371,1.1589425127636712,0.12131782912314706,9.225792698897587,9.552944700215944,,no_matching_treebank,,,,,0.994133948818949,0.0282913760491707,1.7157175765882748,-1.7493132141349317,94441,19945,16418
Vietnamese,vie,Austroasiatic,South/Southeast Asia,1.1188520028369358,10.287526527295508,0.6195164139693338,0.06737743797995017,10.244612079332445,9.194716102943634,0.4563804494742411,loaded,0.3712560697068934,0.3116775542730297,0.0,2.7714589423332447,0.9758127026133072,0.077775716409383,1.5663734441641393,0.366463225855259,97203,19988,16652
Polish,pol,Indo-European,Eastern Europe,0.4998216582711093,4.764392725757713,1.3867890058176988,0.14548489607344647,9.790744060820176,9.532185424372804,0.6544732520189546,loaded,0.310327787540988,0.5878017765355157,0.9467582085035556,2.65161263368984,0.970143423785916,0.0538038121358139,1.602266820878759,-2.774119445556724,99982,20000,16809
Indonesian,ind,Austronesian,South/Southeast Asia,0.722974840192926,6.563092123584813,0.9587431567811942,0.10561289823573936,8.501567702283872,9.077898370340868,0.6517539136763068,loaded,0.2897926527014123,0.5423564053415584,0.3965409481654525,3.117173908374321,0.9221663974712572,0.0921155859661667,1.5109733327987631,-0.2047562423202007,99991,19990,16733
Kyrgyz,kir,Turkic,Central Asia / Middle East / North Africa,0.6310826982736453,5.820801371559536,1.0983460368285807,0.11908105711125375,10.183900375657064,9.223516010631569,0.5148484070611993,loaded,0.49614912140222533,0.5265191097722972,0.758355587925872,1.925332609285908,0.975719242811666,0.062578683095923,1.6474127495662287,-1.2053244762125614,99992,19993,16445
Azerbaijani,aze,Turkic,Central Asia / Middle East / North Africa,0.5082858159728887,4.727375196551479,1.3636956979277912,0.1466241099427821,7.811279539192296,9.300623877341543,,no_matching_treebank,,,,,0.9897689976860492,0.0327057273510969,1.927687501255764,-3.3470205075246007,99998,19996,16799
Hungarian,hun,Uralic,Western Europe,0.4402747995696059,4.527768442087871,1.5743512488962275,0.15308803650752006,9.124908866915815,10.283960032493404,0.8049552148126257,loaded,0.212235657290206,0.875902418723038,0.7274124764455023,3.752908184461986,0.975689835903129,0.0469949549124407,1.7304159688377647,-4.129758875727189,99951,19963,16671
Bulgarian,bul,Indo-European,Eastern Europe,0.5761382643338216,5.471917186611087,1.2030917289644334,0.1266735509550412,10.891560055387362,9.49757640718095,0.6746733628902368,loaded,0.3178008890947406,0.6590662125914841,0.6426882294606758,2.9239078371459244,0.958289624773676,0.0728171443258564,1.4860941902626923,-1.2221511558796871,99994,19995,16787
Belarusian,bel,Indo-European,Eastern Europe,0.5307937087250851,4.431857694622515,1.3058692466887323,0.1564010463154062,10.36272262749556,8.34949175503117,0.5922452034972705,loaded,0.4133902869687698,0.6004304958016,0.6129671782069168,3.104350582455028,0.96336509239377,0.0642488294387145,1.5863124526629968,-2.3347631941365936,99990,19996,16731
Mongolian,mon,Mongolic,Central Asia / Middle East / North Africa,0.5256843901878803,4.58237241145535,1.3185614667238144,0.15126382544272596,9.89426260140575,8.716964964125346,,no_matching_treebank,,,,,0.9939539239651058,0.026989329305349,1.6635215717136382,-2.5384046732466827,99994,19970,16663
Hebrew,heb,Afro-Asiatic,Central Asia / Middle East / North Africa,0.5573102199312034,4.182584363283628,1.2437367121053515,0.16572222347615126,8.433604311049761,7.504948256287032,0.661429627438853,loaded,0.25714118120778906,0.5023499085252574,0.5905605031180955,3.567959377179441,0.9118134307067316,0.1057154086615894,0.731992692965683,0.898209571506769,75271,18991,16753
Malay,msa,Austronesian,South/Southeast Asia,0.6912810896274929,6.293791270444561,1.0026994676412426,0.11013189837021478,8.262647131609935,9.104532678358185,,no_matching_treebank,,,,,0.9362145564469766,0.0858097077941689,1.6298519205212605,-0.5272164202955663,99960,19972,16658
Lithuanian,lit,Indo-European,Eastern Europe,0.4368525183859503,3.908595376632557,1.5866846392941334,0.17733920085560886,10.852392176861214,8.947173730561838,0.5175792366233596,loaded,0.5005424267947398,0.5370215936492797,0.7325622887848702,3.715849889624724,0.9685136501817372,0.0525424198730468,1.5406172975857657,-3.798607429647904,99935,19991,16521
Mandarin Chinese,cmn,Sino-Tibetan,CJK,0.4231986330438061,1.4613523701569493,1.6378767000605985,0.4743189902141817,15.694998614743035,3.45311221741513,,no_matching_treebank,,,,,0.692415343127079,0.4702079561664401,1.0033799982281868,0.4213927068991077,35305,9184,7727
Luo,luo,Nilotic,Sub-Saharan Africa,0.6677780246918539,4.839987620022611,1.0379904023942657,0.14321259370425976,9.116310258349795,7.247898914098023,,no_matching_treebank,,,,,0.9423265476983164,0.0732972007922558,1.362793198493529,-0.1690244952499462,99965,19994,16547
Bosnian,bos,Indo-European,Western Europe,0.4720160673467723,4.285692186741942,1.4684821736178661,0.16173517610626345,9.683258279753948,9.079547251075684,,no_matching_treebank,,,,,0.9435493749477756,0.0631902309232297,1.4830981983465068,-2.725799822934228,99965,19982,16604
Maltese,mlt,Afro-Asiatic,Western Europe,0.416524880766838,3.802462032714877,1.6641195101810848,0.18228904709537705,9.957304275811063,9.129015356092056,0.5684971850573237,loaded,0.3533228725291746,0.4654965193584828,0.003277972027972,3.37197223881969,0.972477586923854,0.0489077168213101,1.5428593402871966,-2.751463905182907,99989,20000,16800
Shona,sna,Niger-Congo,Sub-Saharan Africa,0.8845038718823375,7.308501931433771,0.7836564684390124,0.09484121192863457,8.915894260134966,8.262826386367696,,no_matching_treebank,,,,,0.94057823599884,0.0881257537699071,1.4827176207584831,0.0756217844136477,99976,19989,16887
Uzbek,uzb,Turkic,Central Asia / Middle East / North Africa,0.5209588200411363,5.158373092769904,1.3305220180459034,0.13437321575895247,9.437959758709408,9.901690679433328,0.8266610649564983,loaded,0.17958284456591533,0.8564385462476753,0.460036832412523,2.6476652516676773,0.9555302186255136,0.0685999923606232,1.625982169699935,-2.042155150997573,99984,19993,16838
Greek,ell,Indo-European,Western Europe,0.6405707631134552,7.159574378590774,1.0820774541612634,0.09681402048600243,9.173428107765826,11.176867242257668,0.6204354740950617,loaded,0.33117965264103333,0.5413456494836892,0.6816377640221141,3.440143615974818,0.9676494396309552,0.0698512737521379,1.7600205722436686,-1.5035429255199522,99976,19977,17080
Malayalam,mal,Dravidian,South Asia,0.6696379228413252,7.035873586126663,1.03510741688414,0.0985161504218457,8.95801693204429,10.506981976577595,,no_matching_treebank,,,,,0.9990782528309942,0.013518034221445,1.7770705589862557,-0.4295622771278036,99984,19964,16940
Yoruba,yor,Niger-Congo,Sub-Saharan Africa,0.5146806296370968,3.222416683328696,1.346752025714832,0.21510166085781846,10.24388579833328,6.261002450394983,,no_matching_treebank,,,,,0.9904620669635936,0.0309420605618717,1.4932244602002305,-1.8767642306757804,90418,19954,16324
French,fra,Indo-European,Western Europe,0.5115943022448645,5.245699425443804,1.3548766620707675,0.13213627475449619,9.47769585307834,10.253631446686937,0.7031003683652847,loaded,0.2658238292468038,0.6295084680120051,0.6173580561608354,3.2922437079277964,0.9825511459367728,0.0405736145570416,1.548058603453368,-1.9840214401580267,99995,19977,16963
Portuguese (Brazil),por,Indo-European,Latin America / Caribbean,0.614582327210256,5.1650856509983845,1.1278345469293187,0.1341985839917221,9.15162252665352,8.4042209193421,0.072561915546632,loaded,1.176571518471475,0.09205388973024453,0.449945012556834,3.5593870393725275,0.9622021786399038,0.0639994492781111,1.56044460730351,-1.1552596792938927,99948,19992,16766
Armenian,hye,Indo-European,Eastern Europe,0.6637292816720749,6.431105929456498,1.044322135093634,0.10778040171677349,9.841963202298476,9.689350925207304,0.646830170548999,loaded,0.38482931600872927,0.7048144868238704,0.7230273557698109,3.603497242705587,0.9545598453834028,0.0825771493535392,1.6314519315536908,-0.9917902462336604,99994,19972,16955
Central Kurdish,ckb,Indo-European,Central Asia / Middle East / North Africa,0.681669386204024,5.65086857980346,1.0168377729559444,0.1226620599596484,9.439600383457089,8.289749685358691,0.7813992221114058,loaded,0.19040797646823915,0.6806226681037439,0.6289424860853432,1.959731543624161,0.95873386100288,0.0700726101563446,1.5270703983092655,-0.8042412963636187,99698,19979,16447
Kabuverdianu,kea,Creole,Western Europe,0.5879331749751721,4.188719619184763,1.1789557216076747,0.16547948862111958,9.551267797189166,7.124482504940547,,no_matching_treebank,,,,,0.9583906843481592,0.0645308346491019,1.4837825342088418,-1.116132181272337,95245,19997,16390
Serbian,srp,Indo-European,Eastern Europe,0.7630715791916465,6.057918591530021,0.9083645616761471,0.11442002233722329,10.301348043468812,7.938860202272804,0.6070715067024663,loaded,0.34119662502140624,0.5271461672205531,0.7999434411990466,3.352229631613822,0.9551237824640716,0.0827776174503873,1.6341980523976385,-1.4144092112550624,99445,19980,16432
Assamese,asm,Indo-European,South Asia,0.6028386979021334,4.533973163637864,1.1498053840473141,0.15287853622931327,10.830598877280291,7.521038678200321,0.8112372413579316,loaded,0.1612602605190454,0.6930409887269824,0.6700167504187605,2.4853479853479854,0.9925668481191544,0.0359095535628656,1.670747712677808,-1.7153989229318922,96726,19963,16234
Bengali,ben,Indo-European,South Asia,0.6425098345092584,5.241121267720018,1.0788117836194104,0.1322516967560029,10.890099854589977,8.157262326923176,,no_matching_treebank,,,,,0.9887656617979522,0.0452465308508647,1.6122104646446016,-1.0254896979939452,99980,19997,16471
Nyanja,nya,Niger-Congo,Sub-Saharan Africa,0.7709884830770042,6.443718971763041,0.8990370099869776,0.10756943057221752,8.830900818302798,8.357737000228914,,no_matching_treebank,,,,,0.9380956304583954,0.0867076075838133,1.5145778357678137,-0.1820568304280372,99988,19982,16911
Norwegian Bokmål,nob,Indo-European,Western Europe,0.5107249106960657,4.340108215665091,1.3571830275818282,0.15970734970573203,9.46547119643875,8.497937196268667,,no_matching_treebank,,,,,0.9824762041805328,0.0382304330452877,1.5080240848137192,-2.1327969248708305,99982,19982,16540
Amharic,amh,Afro-Asiatic,Sub-Saharan Africa,0.5948970549282911,3.1103445123924858,1.1651548361480748,0.2228522203242285,8.961700220766982,5.228374365994141,,no_matching_treebank,,,,,0.9842827913268062,0.0657465735691887,1.1656790323511934,0.6690205419762465,63017,16047,13849
Nepali,nep,Indo-European,South Asia,0.5830485589107147,4.87846538189057,1.188832679485433,0.14208303765626545,10.761852737358122,8.367168235532223,,no_matching_treebank,,,,,0.993114313597934,0.0345002351558668,1.6367264095511258,-1.3089723457803926,97018,19967,16352
Javanese,jav,Austronesian,South/Southeast Asia,0.7472199454996735,6.182466518282225,0.9276347409281624,0.11211499140516715,9.161314357657718,8.273958096966947,,no_matching_treebank,,,,,0.9017157677467176,0.1039208348400945,1.3885301617123804,0.097837042141218,99983,19987,16641
Umbundu,umb,Niger-Congo,Sub-Saharan Africa,1.0335605144726483,4.590058890158546,0.6706401520317449,0.15101052015827257,9.287121188370053,4.441016104896889,,no_matching_treebank,,,,,0.9465428819867062,0.0903681087261808,1.3504076457549252,0.6245276927785126,82826,19998,15904
Croatian,hrv,Indo-European,Western Europe,0.4979316489123816,4.216685964500218,1.3920528692521705,0.16438197826337309,9.546757776334292,8.46840319090102,0.6514175019048761,loaded,0.30781722897733044,0.5752369423004566,0.805386588826137,3.3789917482504204,0.9454992449675456,0.06393354626455,1.4682989161890532,-2.1047556409148003,99236,19999,16418
Kazakh,kaz,Turkic,Central Asia / Middle East / North Africa,0.7513321096259007,6.223084280918508,0.9225576435234126,0.11138322241357125,10.71602409896095,8.282734360996594,0.8879251499202232,loaded,0.10309097653585964,0.8167494378164921,0.6086956521739131,2.9819277108433737,0.97281398743903,0.0731576057552186,1.621554064208529,-0.694180993416782,99967,19984,16694
Burmese,mya,Sino-Tibetan,South/Southeast Asia,1.1924592522356567,11.84116200605224,0.5812753595231142,0.0585370912251403,9.15830742175656,9.930034912180092,,no_matching_treebank,,,,,0.987882128497797,0.0650302839355167,1.8039478696841225,0.4906136636170843,99957,19991,17118
Marathi,mar,Indo-European,South Asia,0.6394552136473316,5.155791822050822,1.0839651718630376,0.13444049032302313,9.884183169997357,8.062787998307433,0.6922447180704692,loaded,0.3248822920521941,0.730769100883395,0.6559495932955386,2.792712645212979,0.993088396139624,0.0342072956198375,1.6570471636638897,-0.914029506919074,99639,19973,16442
Persian,fas,Indo-European,Central Asia / Middle East / North Africa,0.3994267578694284,2.643284551396417,1.7353548977470692,0.26222949783963423,10.087977253395406,6.61769523277782,0.6710718736903178,loaded,0.22992244661724115,0.46908268011604326,0.5674988310162745,3.517421960983516,0.9899485611160044,0.0270100456959749,1.4929309686527428,-3.525418580802444,87475,19999,16289
Welsh,cym,Indo-European,Western Europe,0.392747349963612,3.4487236755828348,1.7648678740268147,0.20098658105532427,10.096643756083385,8.781023413403958,0.5923008811692978,loaded,0.3261934879640376,0.47389038001088934,0.6394636417743235,2.9251323140252867,0.9715937318833308,0.0462178059407285,1.5072099104890884,-3.2201035196970764,99979,19981,16876
Irish,gle,Indo-European,Western Europe,0.5394505689110334,4.201206354687246,1.2849132441535338,0.16498765403099222,8.562603616955979,7.787935719797363,0.3016767464480527,loaded,0.66164363027606,0.28583109136707585,0.7255611648865153,3.561040120164573,0.9655875933902948,0.0536883354361466,1.673698748553493,-2.928647822130219,99960,19994,16926
Cebuano,ceb,Austronesian,South/Southeast Asia,0.6011451888238754,5.567260989329645,1.1530445447231632,0.12450416495444509,9.231827024294637,9.261092150170647,,no_matching_treebank,,,,,0.9308059591154014,0.083049404773032,1.412503609598468,-0.3103074456336847,99975,19952,17075
Sindhi,snd,Indo-European,South Asia,0.4997940565361512,3.403707572999092,1.386865592928091,0.20364475081776662,9.71480833471396,6.810220186667815,0.4475063807334692,loaded,0.4310434570454933,0.34913470612991127,0.7080132459209804,2.946363468713205,0.9945967260379018,0.0225842298816882,1.5331623995832369,-2.135825478176799,83250,19999,16099
Ganda,lug,Niger-Congo,Sub-Saharan Africa,0.8702553832402357,5.3432301306830485,0.7964870932244503,0.12972437338597978,8.820430554869187,6.139841515014265,,no_matching_treebank,,,,,0.9284113423030654,0.0870185074338502,1.440231776520959,-0.1304468511427514,99984,19992,16504
Northern Sotho,nso,Niger-Congo,Sub-Saharan Africa,0.8015671243591448,4.082607727325304,0.8647400317398477,0.16978049983118423,10.384070707903993,5.093282400509328,,no_matching_treebank,,,,,0.9159851359611064,0.0963482851942893,1.2446796768627648,0.2580346204750359,96977,19995,16696
Somali,som,Afro-Asiatic,Sub-Saharan Africa,0.654214659389314,5.32833291962679,1.0595103160894825,0.13008706306746595,8.083194766128695,8.144624769797423,,no_matching_treebank,,,,,0.9503611237182896,0.0649328924333704,1.5937248492201026,-1.4067596523085295,100000,19954,16700
Xhosa,xho,Niger-Congo,Sub-Saharan Africa,0.7830161971957948,6.620197032563799,0.8852271294544145,0.10470189590286419,9.36628070733525,8.454738300781797,,no_matching_treebank,,,,,0.9169175655133456,0.0937472641776217,1.4854593672141485,-0.6734877916572899,99984,19981,16586
Swahili,swa,Niger-Congo,Sub-Saharan Africa,0.7056285481902849,4.938365010275714,0.9823117025772974,0.1403596492194582,9.121749505301905,6.998533467702045,,no_matching_treebank,,,,,0.9285500396149045,0.0848244701750781,1.3872916341998391,-0.1099155593581437,99970,19982,16495
Igbo,ibo,Niger-Congo,Sub-Saharan Africa,0.5841265734597896,3.505971524900459,1.1866386705443397,0.19770473765602675,8.932584565540765,6.002075036810159,,no_matching_treebank,,,,,0.9918749534139996,0.0269989225372017,1.39094582771116,-0.4256527902043181,92669,19978,16398
Hausa,hau,Afro-Asiatic,Sub-Saharan Africa,0.8450104618245033,6.1460874157334935,0.82028236557372,0.11277860753908964,8.349594145001209,7.273386180880146,,no_matching_treebank,,,,,0.9386504785526278,0.0812073004181052,1.451377470610608,0.0737152884326778,99993,19951,16740
Fulah,ful,Niger-Congo,Sub-Saharan Africa,0.5682542559497057,3.543359950120777,1.2197835270085393,0.19561861914037806,10.824141886445805,6.235518543013584,,no_matching_treebank,,,,,0.9524028448429817,0.0635178284510234,1.283247105590335,-0.7992837975542506,88402,19993,16276
Occitan,oci,Indo-European,Western Europe,0.5207808974291299,4.153268216257235,1.3309765853196867,0.16689198589360135,10.099217345718907,7.975077881619938,0.8084694283409537,loaded,0.172720562875468,0.7290705265540409,0.0069945043180358,2.3605947955390336,0.9776237696662616,0.0474999421803985,1.484744455725708,-1.565608322744215,99997,19982,17053
Zulu,zul,Niger-Congo,Sub-Saharan Africa,0.8152881167044623,5.440599794901966,0.8501867822651062,0.12740271416571544,9.473785805964118,6.673223469629149,,no_matching_treebank,,,,,0.9298808416965548,0.0916301094067831,1.4648102020435647,-0.2956621409971527,99984,19990,16782
Kamba,kam,Niger-Congo,Sub-Saharan Africa,0.9289223312138228,6.025494631318471,0.7461842150507996,0.11503573116756291,9.815165997559504,6.486542985186885,,no_matching_treebank,,,,,0.9109240958559744,0.0924911837682522,1.2604821402744752,0.1776849050987748,95911,19981,16473
Māori,mri,Austronesian,Pacific,0.6882937679614565,3.7677800711665257,1.007051367925157,0.18396699580858047,10.277680276420986,5.47408715078983,,no_matching_treebank,,,,,0.9349630252901416,0.0824897997165881,1.136980097052754,0.5676082592437361,98064,19980,16702
Catalan,cat,Indo-European,Western Europe,0.5657942264964,5.320628727387812,1.2250870512627183,0.13027542722385163,8.336781057026652,9.403822941663872,0.3683353316518794,loaded,0.5073952080162114,0.29587151472627027,0.6712528616959196,3.680531821540735,0.9777760141885616,0.0451076907419791,1.6393282499086703,-1.828673806570684,99998,19989,16654
Danish,dan,Indo-European,Western Europe,0.4865603803817914,4.601159074301108,1.4245861531431117,0.1506462109583183,9.554296342397766,9.456501720692296,0.7897482794746019,loaded,0.17544455146411764,0.65900546409675,0.692084701901065,3.462122508059741,0.9876536334119655,0.0312059371960531,1.4983795576205357,-2.416911132205554,99679,19971,16434
Wolof,wol,Niger-Congo,Sub-Saharan Africa,0.5663207331762874,3.849066080344946,1.223948091521097,0.18008191236296645,8.77394059828786,6.796618691243973,0.5773762651847604,loaded,0.3006293975654528,0.41071114675319587,0.5482364925088069,3.184552809189648,0.9759078368128932,0.041876426034715,1.438342674588099,-1.3187245682733575,90380,19981,16346
Pashto,pus,Indo-European,Central Asia / Middle East / North Africa,0.5694004930311687,4.185279238852408,1.2173280301708533,0.16561551595539523,10.199616446858016,7.350325983337894,,no_matching_treebank,,,,,0.97293820663052,0.0521840659101067,1.5187279380596597,-2.0436550100306623,89511,19954,16245
German,deu,Indo-European,Western Europe,0.5787893966613978,6.518219107288747,1.1975809932908097,0.10633996328611602,9.06587010103262,11.261814996763016,0.470228041427494,loaded,0.4244849159328974,0.3767747752683712,0.8964602167948545,3.8154458371062288,0.9756138720127124,0.0481797718227118,1.5384399323844549,-1.4598969311236982,100000,19997,17168
Ukrainian,ukr,Indo-European,Eastern Europe,0.4621755352615189,4.243325543064729,1.4997487484224639,0.16334998894742397,11.296385947484572,9.181198958667665,0.794019772838431,loaded,0.2385269802903034,0.9194821333864422,0.7350820605255668,3.3029447357805566,0.9711266443950816,0.0542228732659592,1.509954341036177,-2.8950007511645106,99977,19998,16532
Romanian,ron,Indo-European,Eastern Europe,0.5017251423904755,4.587695428137244,1.3815276971320136,0.15108831687228766,8.672273743076662,9.143841997391467,0.3324051744826339,loaded,0.6189729768097609,0.308195648756016,0.7888638073739654,3.5852020068655928,0.9509541929971632,0.0633948302990808,1.6491876287793603,-2.809832680923346,99985,19992,16928
Lingala,lin,Niger-Congo,Sub-Saharan Africa,0.8498117687110729,5.090954954024817,0.8156478953112828,0.13615268389125218,8.074603888108687,5.990685398186911,,no_matching_treebank,,,,,0.9614933047369096,0.0742221163785696,1.433261763318416,0.7172914048850012,99980,19982,16451
